formatted_date,file_date,capacity,population
1999-01-01,1999.01.01.pdf,14107.0,17967.0
1999-01-08,1999.01.08.pdf,14193.0,17986.0
1999-01-15,1999.01.15.pdf,14640.0,17999.0
1999-01-22,1999.01.22.pdf,14644.0,18029.0
1999-01-29,1999.01.29.pdf,14729.0,18071.0
1999-02-05,1999.02.05.pdf,14726.0,18163.0
1999-02-12,1999.02.12.pdf,14796.0,18193.0
1999-02-19,1999.02.19.pdf,14881.0,18251.0
1999-02-26,1999.02.26.pdf,15035.0,18307.0
1999-03-05,1999.03.05.pdf,15035.0,18374.0
1999-03-12,1999.03.12.pdf,15026.0,18459.0
1999-03-19,1999.03.19.pdf,15101.0,18474.0
1999-03-26,1999.03.26.pdf,15186.0,18543.0
1999-04-02,1999.04.02.pdf,15215.0,18594.0
1999-04-09,1999.04.09.pdf,15205.0,18562.0
1999-04-16,1999.04.16.pdf,15223.0,18597.0
1999-04-23,1999.04.23.pdf,15218.0,18672.0
1999-04-30,1999.04.30.pdf,15185.0,18666.0
1999-05-07,1999.05.07.pdf,15206.0,18679.0
1999-05-14,1999.05.14.pdf,15203.0,18613.0
1999-05-21,1999.05.21.pdf,15203.0,18692.0
1999-05-28,1999.05.28.pdf,15217.0,18714.0
1999-06-04,1999.06.04 Revised.pdf,15222.0,18717.0
1999-06-04,1999.06.04.pdf,15222.0,18717.0
1999-06-11,1999.06.11.pdf,15221.0,18789.0
1999-06-18,1999.06.18.pdf,15224.0,18875.0
1999-06-25,1999.06.25.pdf,15240.0,18962.0
1999-07-02,1999.07.02.pdf,15284.0,18996.0
1999-07-09,1999.07.09.pdf,15270.0,19043.0
1999-07-16,1999.07.16.pdf,15261.0,19110.0
1999-07-23,1999.07.23.pdf,15234.0,19205.0
1999-07-30,1999.07.30.pdf,15238.0,19253.0
1999-08-06,1999.08.06.pdf,15235.0,19320.0
1999-08-13,1999.08.13.pdf,15237.0,19398.0
1999-08-20,1999.08.20.pdf,15269.0,19412.0
1999-08-27,1999.08.27.pdf,15288.0,19350.0
1999-09-03,1999.09.03.pdf,15274.0,19348.0
1999-09-10,1999.09.10 Revised.pdf,15276.0,19389.0
1999-09-10,1999.09.10.pdf,15265.0,19378.0
1999-09-17,1999.09.17.pdf,15261.0,19446.0
1999-09-24,1999.09.24.pdf,15244.0,19528.0
1999-10-01,1999.10.01.pdf,15301.0,19545.0
1999-10-08,1999.10.08.pdf,15396.0,19636.0
1999-10-15,1999.10.15.pdf,15470.0,19702.0
1999-10-22,1999.10.22.pdf,15499.0,19777.0
1999-10-29,1999.10.29.pdf,15524.0,19859.0
1999-11-05,1999.11.05.pdf,15517.0,19874.0
1999-11-12,1999.11.12.pdf,15511.0,19944.0
1999-11-19,1999.11.19.pdf,15547.0,20012.0
1999-11-25,1999.11.25.pdf,15550.0,20027.0
1999-11-26,1999.11.26.pdf,15550.0,20024.0
1999-12-03,1999.12.03 Revised.pdf,15571.0,20035.0
1999-12-03,1999.12.03.pdf,15571.0,20035.0
1999-12-10,1999.12.10.pdf,15600.0,20059.0
1999-12-17,1999.12.17.pdf,15659.0,20164.0
1999-12-24,1999.12.24.pdf,15630.0,20167.0
1999-12-31,1999.12.31.pdf,16015.0,20191.0
2000-01-07,2000.01.07 Revised.pdf,16023.0,20177.0
2000-01-07,2000.01.07.pdf,16023.0,20177.0
2000-01-14,2000.01.14.pdf,16146.0,20215.0
2000-01-21,2000.01.21 Revised.pdf,16191.0,20264.0
2000-01-21,2000.01.21.pdf,16191.0,20264.0
2000-01-28,2000.01.28.pdf,16269.0,20266.0
2000-02-04,2000.02.04.pdf,16261.0,20240.0
2000-02-11,2000.02.11.pdf,16267.0,20211.0
2000-02-18,2000.02.18.pdf,16313.0,20264.0
2000-02-25,2000.02.25.pdf,16436.0,20281.0
2000-03-03,2000.03.03.pdf,16416.0,20289.0
2000-03-10,2000.03.10.pdf,16465.0,20284.0
2000-03-17,2000.03.17.pdf,16529.0,20325.0
2000-03-24,2000.03.24.pdf,16497.0,20363.0
2000-03-31,2000.03.31 Revised.pdf,16478.0,20375.0
2000-03-31,2000.03.31.pdf,16478.0,20375.0
2000-04-07,2000.04.07.pdf,16470.0,20415.0
2000-04-14,2000.04.14.pdf,16423.0,20427.0
2000-04-21,2000.04.21.pdf,16400.0,20486.0
2000-04-28,2000.04.28.pdf,16421.0,20471.0
2000-05-05,2000.05.05.pdf,16439.0,20469.0
2000-05-12,2000.05.12.pdf,16384.0,20514.0
2000-05-19,2000.05.19.pdf,16347.0,20538.0
2000-05-26,2000.05.26.pdf,16544.0,20585.0
2000-06-02,2000.06.02 Revised.pdf,16532.0,20529.0
2000-06-09,2000.06.09.pdf,16639.0,20557.0
2000-06-16,2000.06.16.pdf,16734.0,20597.0
2000-06-23,2000.06.23.pdf,16802.0,20583.0
2000-06-30,2000.06.30.pdf,16806.0,20555.0
2000-07-07,2000.07.07 Revised.pdf,16830.0,20552.0
2000-07-14,2000.07.14.pdf,16869.0,20559.0
2000-07-21,2000.07.21.pdf,16877.0,20608.0
2000-07-28,2000.07.28.pdf,16891.0,20682.0
2000-08-04,2000.08.04.pdf,16885.0,20664.0
2000-08-11,2000.08.11.pdf,16896.0,20672.0
2000-08-18,2000.08.18.pdf,16883.0,20671.0
2000-08-25,2000.08.25.pdf,17171.0,20624.0
2000-09-01,2000.09.01.pdf,17169.0,20625.0
2000-09-08,2000.09.08.pdf,17138.0,20604.0
2000-09-15,2000.09.15.pdf,17068.0,20651.0
2000-09-22,2000.09.22.pdf,17051.0,20690.0
2000-09-29,2000.09.29.pdf,17059.0,20627.0
2000-10-06,2000.10.06.pdf,17057.0,20592.0
2000-10-13,2000.10.13.pdf,17054.0,20604.0
2000-10-20,2000.10.20.pdf,17018.0,20631.0
2000-10-27,2000.10.27.pdf,16968.0,20659.0
2000-11-03,2000.11.03.pdf,16934.0,20601.0
2000-11-10,2000.11.10.pdf,16930.0,20639.0
2000-11-17,2000.11.17.pdf,16833.0,20663.0
2000-11-24,2000.11.24.pdf,16823.0,20646.0
2000-12-01,2000.12.01.pdf,16810.0,20583.0
2000-12-08,2000.12.08.pdf,16857.0,20596.0
2000-12-15,2000.12.15.pdf,16821.0,20622.0
2000-12-22,2000.12.22.pdf,16731.0,20599.0
2000-12-29,2000.12.29.pdf,16745.0,20590.0
2001-01-05,2001.01.05.pdf,16738.0,20536.0
2001-01-12,2001.01.12.pdf,17468.0,20546.0
2001-01-19,2001.01.19.pdf,16705.0,20590.0
2001-01-26,2001.01.26.pdf,16711.0,20627.0
2001-02-02,2001.02.02.pdf,16702.0,20569.0
2001-02-09,2001.02.09.pdf,16704.0,20588.0
2001-02-16,2001.02.16.pdf,16667.0,20556.0
2001-02-23,2001.02.23.pdf,16575.0,20626.0
2001-03-02,2001.03.02.pdf,16601.0,20635.0
2001-03-09,2001.03.09.pdf,16607.0,20631.0
2001-03-16,2001.03.16.pdf,16641.0,20646.0
2001-03-23,2001.03.23.pdf,16696.0,20684.0
2001-03-30,2001.03.30.pdf,16669.0,20782.0
2001-04-06,2001.04.06.pdf,16666.0,20789.0
2001-04-13,2001.04.13.pdf,16629.0,20764.0
2001-04-20,2001.04.20.pdf,16613.0,20780.0
2001-04-27,2001.04.27.pdf,17348.0,20742.0
2001-05-04,2001.05.04.pdf,17387.0,20791.0
2001-05-11,2001.05.11.pdf,17368.0,20788.0
2001-05-18,2001.05.18.pdf,17379.0,20797.0
2001-05-25,2001.05.25.pdf,17334.0,20801.0
2001-06-01,2001.06.01.pdf,17379.0,20720.0
2001-06-08,2001.06.08.pdf,17276.0,20744.0
2001-06-15,2001.06.15.pdf,17298.0,20755.0
2001-06-22,2001.06.22.pdf,17308.0,20750.0
2001-06-29,2001.06.29.pdf,17299.0,20737.0
2001-07-06,2001.07.06.pdf,17297.0,20711.0
2001-07-13,2001.07.13.pdf,17244.0,20677.0
2001-07-20,2001.07.20.pdf,17241.0,20725.0
2001-07-27,2001.07.27.pdf,17226.0,20730.0
2001-08-03,2001.08.03.pdf,17223.0,20760.0
2001-08-10,2001.08.10.pdf,17209.0,20769.0
2001-08-17,2001.08.17.pdf,17216.0,20772.0
2001-08-24,2001.08.24.pdf,17185.0,20787.0
2001-08-31,2001.08.31.pdf,17178.0,20742.0
2001-09-07,2001.09.07.pdf,17186.0,20780.0
2001-09-14,2001.09.14.pdf,17218.0,20780.0
2001-09-21,2001.09.21 Corrected.pdf,17177.0,20833.0
2001-09-21,2001.09.21.pdf,17177.0,20833.0
2001-09-28,2001.09.28.pdf,17167.0,20841.0
2001-10-05,2001.10.05.pdf,18337.0,20885.0
2001-10-12,2001.10.12.pdf,18305.0,20901.0
2001-10-19,2001.10.19.pdf,18281.0,20977.0
2001-10-26,2001.10.26.pdf,17328.0,20860.0
2001-11-02,2001.11.02.pdf,17267.0,20868.0
2001-11-09,2001.11.09.pdf,17199.0,20871.0
2001-11-16,2001.11.16.pdf,17138.0,20857.0
2001-11-23,2001.11.23.pdf,17069.0,20807.0
2001-11-30,2001.11.30.pdf,17048.0,20767.0
2001-12-07,2001.12.07.pdf,16987.0,20798.0
2001-12-14,2001.12.14.pdf,16894.0,20812.0
2001-12-21,2001.12.21.pdf,16810.0,20804.0
2001-12-28,2001.12.28.pdf,16804.0,20813.0
2002-01-04,2002.01.04.pdf,16804.0,20729.0
2002-01-11,2002.01.11.pdf,16755.0,20646.0
2002-01-18,2002.01.18.pdf,16681.0,20676.0
2002-01-25,2002.01.25.pdf,16635.0,20666.0
2002-02-01,2002.02.01.pdf,16653.0,20669.0
2002-02-08,2002.02.08.pdf,16818.0,20703.0
2002-02-15,2002.02.15.pdf,16791.0,20714.0
2002-02-22,2002.02.22.pdf,16794.0,20746.0
2002-03-01,2002.03.01.pdf,17045.0,20984.0
2002-03-08,2002.03.08.pdf,17044.0,21027.0
2002-03-15,2002.03.15.pdf,17039.0,21052.0
2002-03-22,2002.03.22.pdf,17018.0,21103.0
2002-03-29,2002.03.29.pdf,17021.0,21120.0
2002-04-05,2002.04.05.pdf,17015.0,21120.0
2002-04-12,2002.04.12.pdf,17000.0,21134.0
2002-04-19,2002.04.19.pdf,17050.0,21152.0
2002-04-26,2002.04.26.pdf,17077.0,21143.0
2002-05-03,2002.05.03.pdf,17072.0,21189.0
2002-05-10,2002.05.10.pdf,17067.0,21184.0
2002-05-17,2002.05.17.pdf,17082.0,21198.0
2002-05-24,2002.05.24.pdf,17078.0,21185.0
2002-05-31,2002.05.31.pdf,17082.0,21147.0
2002-06-07,2002.06.07.pdf,17088.0,21229.0
2002-06-14,2002.06.14.pdf,17093.0,21235.0
2002-06-21,2002.06.21.pdf,17073.0,21213.0
2002-06-28,2002.06.28.pdf,17072.0,21261.0
2002-07-05,2002.07.05.pdf,17111.0,21256.0
2002-07-12,2002.07.12.pdf,17126.0,21247.0
2002-07-19,2002.07.19.pdf,17088.0,21234.0
2002-07-26,2002.07.26.pdf,17120.0,21245.0
2002-08-02,2002.08.02.pdf,17118.0,21295.0
2002-08-09,2002.08.09.pdf,17111.0,21257.0
2002-08-16,2002.08.16.pdf,17134.0,21289.0
2002-08-23,2002.08.23.pdf,17135.0,21291.0
2002-08-30,2002.08.30.pdf,17137.0,21319.0
2002-09-06,2002.09.06.pdf,18625.0,21315.0
2002-09-13,2002.09.13.pdf,18630.0,21348.0
2002-09-20,2002.09.20.pdf,18631.0,21365.0
2002-09-27,2002.09.27.pdf,18622.0,21405.0
2002-10-04,2002.10.04.pdf,18610.0,21409.0
2002-10-11,2002.10.11.pdf,18607.0,21433.0
2002-10-18,2002.10.18.pdf,18640.0,21449.0
2002-10-25,2002.10.25.pdf,18599.0,21438.0
2002-11-01,2002.11.01.pdf,18626.0,21474.0
2002-11-08,2002.11.08.pdf,18658.0,21524.0
2002-11-15,2002.11.15.pdf,18642.0,21529.0
2002-11-22,2002.11.22.pdf,18638.0,21608.0
2002-11-29,2002.11.29.pdf,18637.0,21580.0
2002-12-06,2002.12.06.pdf,18628.0,21554.0
2002-12-13,2002.12.13.pdf,18639.0,21550.0
2002-12-20,2002.12.20.pdf,18643.0,21503.0
2002-12-27,2002.12.27.pdf,18655.0,21576.0
2003-01-03,2003.01.03.pdf,18655.0,21602.0
2003-01-10,2003.01.10.pdf,18633.0,21553.0
2003-01-17,2003.01.17.pdf,18600.0,21562.0
2003-01-24,2003.01.24.pdf,18565.0,21512.0
2003-01-31,2003.01.31.pdf,18511.0,21513.0
2003-02-07,2003.02.07.pdf,18483.0,21554.0
2003-02-14,2003.02.14.pdf,18394.0,21593.0
2003-02-21,2003.02.21.pdf,18318.0,21569.0
2003-02-28,2003.02.28.pdf,18226.0,21531.0
2003-03-07,2003.03.07.pdf,18132.0,21548.0
2003-03-14,2003.03.14.pdf,18040.0,21534.0
2003-03-21,2003.03.21.pdf,17974.0,21543.0
2003-03-28,2003.03.28.pdf,17886.0,21539.0
2003-04-04,2003.04.04.pdf,17895.0,21589.0
2003-04-11,2003.04.11.pdf,17840.0,21573.0
2003-04-18,2003.04.18.pdf,17769.0,21580.0
2003-04-25,2003.04.25.pdf,17710.0,21566.0
2003-05-02,2003.05.02.pdf,17656.0,21565.0
2003-05-09,2003.05.09.pdf,17598.0,21560.0
2003-05-16,2003.05.16.pdf,17546.0,21579.0
2003-05-23,2003.05.23.pdf,17488.0,21612.0
2003-05-30,2003.05.30.pdf,17485.0,21581.0
2003-06-06,2003.06.06.pdf,17467.0,21623.0
2003-06-13,2003.06.13.pdf,17468.0,21646.0
2003-06-20,2003.06.20.pdf,17497.0,21623.0
2003-06-27,2003.06.27.pdf,17478.0,21615.0
2003-07-04,2003.07.04.pdf,17459.0,21619.0
2003-07-11,2003.07.11.pdf,17448.0,21573.0
2003-07-18,2003.07.18.pdf,17451.0,21596.0
2003-07-25,2003.07.25.pdf,17429.0,21598.0
2003-08-01,2003.08.01.pdf,17422.0,21644.0
2003-08-08,2003.08.08.pdf,17472.0,21650.0
2003-08-15,2003.08.15.pdf,17477.0,21623.0
2003-08-29,2003.08.29.pdf,17371.0,21632.0
2003-09-05,2003.09.05.pdf,17376.0,21566.0
2003-09-12,2003.09.12.pdf,17392.0,21540.0
2003-09-19,2003.09.19.pdf,17390.0,21564.0
2003-09-26,2003.09.26.pdf,17332.0,21598.0
2003-10-03,2003.10.03.pdf,17338.0,21634.0
2003-10-10,2003.10.10.pdf,17346.0,21674.0
2003-10-17,2003.10.17.pdf,17327.0,21698.0
2003-10-24,2003.10.24.pdf,17266.0,21687.0
2003-10-31,2003.10.31.pdf,17263.0,21747.0
2003-11-07,2003.11.07.pdf,17265.0,21761.0
2003-11-14,2003.11.14.pdf,17246.0,21792.0
2003-11-21,2003.11.21.pdf,17243.0,21799.0
2003-11-28,2003.11.28.pdf,17220.0,21798.0
2003-12-05,2003.12.05.pdf,17218.0,21752.0
2003-12-12,2003.12.12.pdf,16781.0,21769.0
2003-12-19,2003.12.19.pdf,16748.0,21801.0
2003-12-26,2003.12.26.pdf,16749.0,21795.0
2004-01-02,2004.01.02.pdf,16749.0,21773.0
2004-01-09,2004.01.09.pdf,16709.0,21780.0
2004-01-16,2004.01.16.pdf,16779.0,21782.0
2004-01-23,2004.01.23.pdf,16789.0,21780.0
2004-01-30,2004.01.30.pdf,16737.0,21842.0
2004-02-06,2004.02.06.pdf,16729.0,21876.0
2004-02-13,2004.02.13.pdf,16740.0,21896.0
2004-02-20,2004.02.20.pdf,16751.0,21926.0
2004-02-27,2004.02.27.pdf,16684.0,21926.0
2004-03-05,2004.03.05.pdf,16698.0,21903.0
2004-03-12,2004.03.12.pdf,16682.0,21946.0
2004-03-19,2004.03.19.pdf,16671.0,21945.0
2004-03-26,2004.03.26.pdf,16664.0,21946.0
2004-04-02,2004.04.02.pdf,18308.0,22040.0
2004-04-09,2004.04.09.pdf,18360.0,22014.0
2004-04-16,2004.04.16.pdf,18311.0,22033.0
2004-04-23,2004.04.23.pdf,18247.0,22020.0
2004-04-30,2004.04.30.pdf,18159.0,21994.0
2004-05-07,2004.05.07.pdf,18027.0,21922.0
2004-05-14,2004.05.14.pdf,17952.0,21946.0
2004-05-21,2004.05.21.pdf,17786.0,21996.0
2004-05-28,2004.05.28.pdf,17669.0,22005.0
2004-06-04,2004.06.04.pdf,17680.0,21990.0
2004-06-11,2004.06.11.pdf,17558.0,21963.0
2004-06-18,2004.06.18.pdf,17436.0,22010.0
2004-06-25,2004.06.25.pdf,17926.0,21977.0
2004-07-02,2004.07.02.pdf,16827.0,22034.0
2004-07-09,2004.07.09.pdf,16833.0,22003.0
2004-07-16,2004.07.16.pdf,16771.0,22041.0
2004-07-23,2004.07.23.pdf,16759.0,22041.0
2004-07-30,2004.07.30.pdf,16745.0,22090.0
2004-08-06,2004.08.06.pdf,16748.0,22099.0
2004-08-13,2004.08.13.pdf,16723.0,22101.0
2004-08-20,2004.08.20.pdf,16730.0,22138.0
2004-08-27,2004.08.27.pdf,16732.0,22219.0
2004-09-03,2004.09.03.pdf,16732.0,22204.0
2004-09-10,2004.09.10.pdf,16733.0,22154.0
2004-09-17,2004.09.17.pdf,16726.0,22172.0
2004-09-24,2004.09.24.pdf,16736.0,22177.0
2004-10-01,2004.10.01.pdf,16744.0,22165.0
2004-10-08,2004.10.08.pdf,16748.0,22124.0
2004-10-15,2004.10.15.pdf,16738.0,22139.0
2004-10-22,2004.10.22.pdf,16737.0,22116.0
2004-10-29,2004.10.29.pdf,16746.0,22085.0
2004-11-05,2004.11.05.pdf,16748.0,22062.0
2004-11-12,2004.11.12.pdf,16670.0,22071.0
2004-11-19,2004.11.19.pdf,16689.0,22055.0
2004-11-26,2004.11.26.pdf,16303.0,22200.0
2004-12-03,2004.12.03.pdf,16680.0,22160.0
2004-12-10,2004.12.10.pdf,16699.0,22204.0
2004-12-17,2004.12.17.pdf,16611.0,22168.0
2004-12-24,2004.12.24.pdf,16564.0,22242.0
2004-12-31,2004.12.31.pdf,16550.0,22181.0
2005-01-07,2005.01.07.pdf,17634.0,22145.0
2005-01-14,2005.01.14.pdf,17574.0,22122.0
2005-01-21,2005.01.21.pdf,17557.0,22079.0
2005-01-28,2005.01.28.pdf,17554.0,22095.0
2005-02-04,2005.02.04.pdf,17532.0,22055.0
2005-02-11,2005.02.11.pdf,17527.0,21984.0
2005-02-18,2005.02.18.pdf,17514.0,21998.0
2005-02-25,2005.02.25.pdf,17505.0,21942.0
2005-03-04,2005.03.04.pdf,17501.0,21930.0
2005-03-11,2005.03.11.pdf,17488.0,21907.0
2005-03-18,2005.03.18.pdf,17488.0,21908.0
2005-03-25,2005.03.25.pdf,17495.0,21954.0
2005-04-01,2005.04.01.pdf,17501.0,21895.0
2005-04-08,2005.04.08.pdf,17494.0,21870.0
2005-04-15,2005.04.15.pdf,17454.0,21910.0
2005-04-22,2005.04.22.pdf,17437.0,21869.0
2005-04-29,2005.04.29.pdf,17440.0,21862.0
2005-05-06,2005.05.06.pdf,17391.0,21856.0
2005-05-13,2005.05.13.pdf,17400.0,21809.0
2005-05-20,2005.05.20.pdf,17398.0,21783.0
2005-05-27,2005.05.27.pdf,17405.0,21796.0
2005-06-03,2005.06.03.pdf,17402.0,21750.0
2005-06-10,2005.06.10.pdf,17405.0,21722.0
2005-06-17,2005.06.17.pdf,17384.0,21689.0
2005-06-24,2005.06.24.pdf,17387.0,21720.0
2005-07-01,2005.07.01.pdf,17395.0,21741.0
2005-07-08,2005.07.08.pdf,17401.0,21773.0
2005-07-15,2005.07.15.pdf,17393.0,21746.0
2005-07-22,2005.07.22.pdf,17384.0,21714.0
2005-07-29,2005.07.29.pdf,17399.0,21737.0
2005-08-05,2005.08.05.pdf,17404.0,21733.0
2005-08-12,2005.08.12.pdf,17358.0,21697.0
2005-08-19,2005.08.19.pdf,17378.0,21758.0
2005-08-26,2005.08.26.pdf,17390.0,21666.0
2005-09-02,2005.09.02.pdf,17379.0,21654.0
2005-09-09,2005.09.09.pdf,17403.0,21648.0
2005-09-16,2005.09.16.pdf,17399.0,21636.0
2005-09-23,2005.09.23.pdf,17402.0,21623.0
2005-09-30,2005.09.30.pdf,17403.0,21600.0
2005-10-07,2005.10.07.pdf,17391.0,21583.0
2005-10-14,2005.10.14.pdf,17390.0,21638.0
2005-10-21,2005.10.21.pdf,17384.0,21657.0
2005-10-28,2005.10.28.pdf,17377.0,21718.0
2005-11-04,2005.11.04.pdf,17381.0,21717.0
2005-11-11,2005.11.11.pdf,17371.0,21777.0
2005-11-18,2005.11.18.pdf,17364.0,21810.0
2005-11-25,2005.11.25.pdf,17373.0,21769.0
2005-12-02,2005.12.02.pdf,17357.0,21758.0
2005-12-09,2005.12.09.pdf,17349.0,21770.0
2005-12-16,2005.12.16.pdf,17336.0,21735.0
2005-12-23,2005.12.23.pdf,17338.0,21785.0
2005-12-30,2005.12.30.pdf,17325.0,21763.0
2006-01-06,2006.01.06.pdf,17304.0,21779.0
2006-01-13,2006.01.13.pdf,17302.0,21779.0
2006-01-20,2006.01.20.pdf,17259.0,21710.0
2006-01-27,2006.01.27.pdf,17247.0,21776.0
2006-02-03,2006.02.03.pdf,17242.0,21850.0
2006-02-10,2006.02.10.pdf,17231.0,21840.0
2006-02-17,2006.02.17.pdf,17214.0,21851.0
2006-02-24,2006.02.24.pdf,17219.0,21863.0
2006-03-03,2006.03.03.pdf,17221.0,21870.0
2006-03-10,2006.03.10.pdf,17234.0,21857.0
2006-03-17,2006.03.17.pdf,17228.0,21792.0
2006-03-24,2006.03.24.pdf,17235.0,21853.0
2006-03-31,2006.03.31.pdf,17250.0,21898.0
2006-04-07,2006.04.07.pdf,17245.0,21921.0
2006-04-14,2006.04.14.pdf,17233.0,21896.0
2006-04-21,2006.04.21.pdf,17228.0,21865.0
2006-04-28,2006.04.28.pdf,17228.0,21904.0
2006-05-05,2006.05.05.pdf,17226.0,21905.0
2006-05-12,2006.05.12.pdf,17211.0,21946.0
2006-05-19,2006.05.19.pdf,17208.0,21937.0
2006-05-26,2006.05.26.pdf,17219.0,21976.0
2006-06-02,2006.06.02.pdf,17238.0,22021.0
2006-06-09,2006.06.09.pdf,17231.0,21997.0
2006-06-16,2006.06.16.pdf,17285.0,22059.0
2006-06-23,2006.06.23.pdf,17293.0,22029.0
2006-06-30,2006.06.30.pdf,17583.0,22120.0
2006-07-07,2006.07.07.pdf,17278.0,22045.0
2006-07-14,2006.07.14.pdf,17341.0,22104.0
2006-07-21,2006.07.21.pdf,17341.0,22120.0
2006-07-28,2006.07.28.pdf,17340.0,22126.0
2006-08-04,2006.08.04.pdf,17355.0,22166.0
2006-08-11,2006.08.11.pdf,17361.0,22117.0
2006-08-18,2006.08.18.pdf,17353.0,22150.0
2006-08-25,2006.08.25.pdf,17352.0,22156.0
2006-09-01,2006.09.01.pdf,17352.0,22212.0
2006-09-08,2006.09.08.pdf,17358.0,22217.0
2006-09-15,2006.09.15.pdf,17357.0,22209.0
2006-09-22,2006.09.22.pdf,17364.0,22269.0
2006-09-29,2006.09.29.pdf,17359.0,22231.0
2006-10-06,2006.10.06.pdf,17344.0,22259.0
2006-10-13,2006.10.13.pdf,17352.0,22246.0
2006-10-20,2006.10.20.pdf,17360.0,22310.0
2006-10-27,2006.10.27.pdf,17347.0,22355.0
2006-11-03,2006.11.03.pdf,17364.0,22370.0
2006-11-06,2006.11.06.pdf,17383.0,22401.0
2006-11-17,2006.11.17.pdf,17383.0,22398.0
2006-11-24,2006.11.24.pdf,17396.0,22408.0
2006-12-01,2006.12.01.pdf,17399.0,22449.0
2006-12-08,2006.12.08.pdf,17403.0,22459.0
2006-12-15,2006.12.15.pdf,17404.0,22436.0
2006-12-21,2006.12.21.pdf,17397.0,22519.0
2006-12-29,2006.12.29.pdf,17412.0,22501.0
2007-01-05,2007.01.05.pdf,17416.0,22494.0
2007-01-12,2007.01.12.pdf,17403.0,22583.0
2007-01-19,2007.01.19.pdf,17434.0,22550.0
2007-01-26,2007.01.26.pdf,17421.0,22584.0
2007-02-02,2007.02.02.pdf,17414.0,22618.0
2007-02-09,2007.02.09.pdf,17418.0,22617.0
2007-02-16,2007.02.16.pdf,17424.0,22616.0
2007-02-23,2007.02.23.pdf,17408.0,22650.0
2007-03-02,2007.03.02.pdf,17410.0,22648.0
2007-03-09,2007.03.09.pdf,17405.0,22694.0
2007-03-16,2007.03.16.pdf,17401.0,22687.0
2007-03-23,2007.03.23.pdf,17407.0,22685.0
2007-03-30,2007.03.30.pdf,17404.0,22671.0
2007-04-06,2007.04.06.pdf,17404.0,22710.0
2007-04-13,2007.04.13.pdf,17413.0,22734.0
2007-04-20,2007.04.20.pdf,17405.0,22731.0
2007-04-27,2007.04.27.pdf,17407.0,22723.0
2007-05-04,2007.05.04.pdf,17395.0,22754.0
2007-05-11,2007.05.11.pdf,17427.0,22794.0
2007-05-18,2007.05.18.pdf,17394.0,22770.0
2007-05-25,2007.05.25.pdf,17379.0,22772.0
2007-06-01,2007.06.01.pdf,17367.0,22737.0
2007-06-08,2007.06.08.pdf,17362.0,22776.0
2007-06-15,2007.06.15.pdf,17369.0,22735.0
2007-06-22,2007.06.22.pdf,17376.0,22683.0
2007-06-29,2007.06.29.pdf,17372.0,22729.0
2007-07-06,2007.07.06.pdf,17428.0,22715.0
2007-07-13,2007.07.13.pdf,17362.0,22733.0
2007-07-20,2007.07.20.pdf,17357.0,22709.0
2007-07-27,2007.07.27.pdf,17359.0,22720.0
2007-08-03,2007.08.03.pdf,17367.0,22717.0
2007-08-10,2007.08.10.pdf,17368.0,22652.0
2007-08-17,2007.08.17.pdf,17361.0,22645.0
2007-08-24,2007.08.24.pdf,17359.0,22666.0
2007-08-31,2007.08.31.pdf,17357.0,22675.0
2007-09-07,2007.09.07.pdf,17355.0,22650.0
2007-09-14,2007.09.14.pdf,17365.0,22666.0
2007-09-21,2007.09.21.pdf,17370.0,22714.0
2007-09-28,2007.09.28.pdf,17373.0,22758.0
2007-10-05,2007.10.05.pdf,17379.0,22793.0
2007-10-12,2007.10.12.pdf,17380.0,22794.0
2007-10-19,2007.10.19.pdf,17374.0,22799.0
2007-10-26,2007.10.26.pdf,17371.0,22750.0
2007-11-02,2007.11.02.pdf,17380.0,22791.0
2007-11-09,2007.11.09.pdf,17393.0,22781.0
2007-11-16,2007.11.16.pdf,17397.0,22743.0
2007-11-23,2007.11.23.pdf,17385.0,22724.0
2007-11-30,2007.11.30.pdf,17381.0,22725.0
2007-12-07,2007.12.07.pdf,17390.0,22749.0
2007-12-14,2007.12.14.pdf,17395.0,22765.0
2007-12-21,2007.12.21.pdf,17384.0,22714.0
2007-12-28,2007.12.28.pdf,17383.0,22690.0
2008-01-04,2008.01.04.pdf,17413.0,22663.0
2008-01-11,2008.01.11.pdf,17413.0,22655.0
2008-01-18,2008.01.18.pdf,17428.0,22634.0
2008-01-25,2008.01.25.pdf,17441.0,22639.0
2008-02-01,2008.02.01.pdf,17465.0,22723.0
2008-02-08,2008.02.08.pdf,17513.0,22677.0
2008-02-15,2008.02.15.pdf,17478.0,22633.0
2008-02-22,2008.02.22.pdf,17500.0,22706.0
2008-02-29,2008.02.29.pdf,17891.0,22668.0
2008-03-07,2008.03.07.pdf,17600.0,22795.0
2008-03-14,2008.03.14.pdf,16591.0,22800.0
2008-03-21,2008.03.21.pdf,17022.0,22796.0
2008-03-28,2008.03.28.pdf,16638.0,22825.0
2008-04-04,2008.04.04.pdf,16657.0,22858.0
2008-04-11,2008.04.11.pdf,16654.0,22885.0
2008-04-18,2008.04.18.pdf,16644.0,22930.0
2008-04-25,2008.04.25.pdf,16644.0,22930.0
2008-05-02,2008.05.02.pdf,16648.0,22936.0
2008-05-09,2008.05.09.pdf,16624.0,22911.0
2008-05-16,2008.05.16.pdf,16653.0,22949.0
2008-05-23,2008.05.23.pdf,16631.0,22931.0
2008-05-30,2008.05.30.pdf,16637.0,22953.0
2008-06-06,2008.06.06.pdf,17750.0,22965.0
2008-06-13,2008.06.13.pdf,17727.0,22927.0
2008-06-20,2008.06.20.pdf,17727.0,22789.0
2008-06-27,2008.06.27.pdf,17717.0,22772.0
2008-07-04,2008.07.04.pdf,17713.0,22859.0
2008-07-11,2008.07.11.pdf,17711.0,22829.0
2008-07-18,2008.07.18.pdf,17725.0,22797.0
2008-07-25,2008.07.25.pdf,17724.0,22809.0
2008-08-01,2008.08.01.pdf,17719.0,22828.0
2008-08-08,2008.08.08.pdf,17744.0,22887.0
2008-08-15,2008.08.15.pdf,17738.0,22858.0
2008-08-22,2008.08.22.pdf,17738.0,22882.0
2008-08-29,2008.08.29.pdf,17710.0,22821.0
2008-09-05,2008.09.05.pdf,17749.0,22815.0
2008-09-12,2008.09.12.pdf,17755.0,22788.0
2008-09-19,2008.09.19.pdf,17767.0,22776.0
2008-09-26,2008.09.26.pdf,17762.0,22846.0
2008-10-03,2008.10.03.pdf,17762.0,22804.0
2008-10-10,2008.10.10.pdf,17778.0,22803.0
2008-10-17,2008.10.17.pdf,17779.0,22786.0
2008-10-24,2008.10.24.pdf,17797.0,22811.0
2008-10-30,2008.10.30.pdf,17800.0,22816.0
2008-11-07,2008.11.07.pdf,17791.0,22794.0
2008-11-14,2008.11.14.pdf,17793.0,22800.0
2008-11-21,2008.11.21.pdf,17772.0,22797.0
2008-11-28,2008.11.28.pdf,17790.0,22741.0
2008-12-05,2008.12.05.pdf,17774.0,22760.0
2008-12-12,2008.12.12.pdf,17800.0,22795.0
2008-12-19,2008.12.19.pdf,17783.0,22706.0
2008-12-26,2008.12.26.pdf,17778.0,22611.0
2009-01-02,2009.01.02.pdf,17773.0,22624.0
2009-01-09,2009.01.09.pdf,17774.0,22648.0
2009-01-16,2009.01.16.pdf,17784.0,22644.0
2009-01-23,2009.01.23.pdf,17783.0,22606.0
2009-01-30,2009.01.30.pdf,17773.0,22722.0
2009-02-06,2009.02.06.pdf,17786.0,22700.0
2009-02-13,2009.02.13.pdf,17762.0,22637.0
2009-02-20,2009.02.20.pdf,17757.0,22641.0
2009-02-27,2009.02.27.pdf,17758.0,22596.0
2009-03-06,2009.03.06.pdf,17760.0,22589.0
2009-03-13,2009.03.13.pdf,17764.0,22579.0
2009-03-20,2009.03.20.pdf,17762.0,22614.0
2009-03-27,2009.03.27.pdf,17753.0,22621.0
2009-04-03,2009.04.03.pdf,17749.0,22618.0
2009-04-10,2009.04.10.pdf,17735.0,22608.0
2009-04-17,2009.04.17.pdf,17731.0,22562.0
2009-04-24,2009.04.24.pdf,17724.0,22586.0
2009-05-01,2009.05.01.pdf,17749.0,22557.0
2009-05-08,2009.05.08.pdf,17740.0,22548.0
2009-05-15,2009.05.15.pdf,17747.0,22562.0
2009-05-22,2009.05.22.pdf,17731.0,22598.0
2009-05-29,2009.05.29.pdf,17740.0,22569.0
2009-06-05,2009.06.05.pdf,17731.0,22514.0
2009-06-12,2009.06.12.pdf,17736.0,22545.0
2009-06-19,2009.06.19.pdf,17730.0,22563.0
2009-06-26,2009.06.26.pdf,17722.0,22616.0
2009-07-03,2009.07.03.pdf,17714.0,22612.0
2009-07-10,2009.07.10.pdf,17714.0,22557.0
2009-07-17,2009.07.17.pdf,17708.0,22572.0
2009-07-24,2009.07.24.pdf,17714.0,22615.0
2009-07-31,2009.07.31.pdf,17703.0,22647.0
2009-08-07,2009.08.07.pdf,17696.0,22590.0
2009-08-14,2009.08.14.pdf,17686.0,22629.0
2009-08-21,2009.08.21.pdf,17695.0,22584.0
2009-08-28,2009.08.28.pdf,17690.0,22610.0
2009-09-04,2009.09.04.pdf,17704.0,22522.0
2009-09-11,2009.09.11.pdf,17694.0,22458.0
2009-09-18,2009.09.18.pdf,17691.0,22439.0
2009-09-25,2009.09.25.pdf,17683.0,22417.0
2009-10-02,2009.10.02.pdf,17691.0,22463.0
2009-10-09,2009.10.09.pdf,17676.0,22436.0
2009-10-16,2009.10.16.pdf,17694.0,22466.0
2009-10-23,2009.10.23.pdf,17688.0,22462.0
2009-10-30,2009.10.30.pdf,17680.0,22497.0
2009-11-06,2009.11.06.pdf,17652.0,22525.0
2009-11-13,2009.11.13.pdf,17618.0,22494.0
2009-11-20,2009.11.20.pdf,17592.0,22556.0
2009-11-27,2009.11.27.pdf,17589.0,22513.0
2009-12-04,2009.12.04.pdf,17591.0,22501.0
2009-12-11,2009.12.11.pdf,17573.0,22498.0
2009-12-18,2009.12.18.pdf,17561.0,22551.0
2009-12-25,2009.12.25.pdf,17560.0,22486.0
2010-01-01,2010.01.01.pdf,17561.0,22431.0
2010-01-08,2010.01.08.pdf,17551.0,22449.0
2010-01-15,2010.01.15.pdf,17485.0,22472.0
2010-01-22,2010.01.22.pdf,17493.0,22463.0
2010-01-29,2010.01.29.pdf,17482.0,22509.0
2010-02-05,2010.02.05.pdf,17485.0,22545.0
2010-02-12,2010.02.12.pdf,17496.0,22561.0
2010-02-19,2010.02.19.pdf,17481.0,22528.0
2010-02-26,2010.02.26.pdf,17464.0,22514.0
2010-03-05,2010.03.05.pdf,17476.0,22543.0
2010-03-12,2010.03.12.pdf,17455.0,22511.0
2010-03-19,2010.03.19.pdf,17463.0,22488.0
2010-03-26,2010.03.26.pdf,17460.0,22521.0
2010-04-02,2010.04.02.pdf,17431.0,22520.0
2010-04-09,2010.04.09.pdf,17425.0,22493.0
2010-04-16,2010.04.16.pdf,17407.0,22445.0
2010-04-23,2010.04.23.pdf,17408.0,22481.0
2010-04-30,2010.04.30.pdf,17407.0,22451.0
2010-05-07,2010.05.07.pdf,17410.0,22436.0
2010-05-14,2010.05.14.pdf,17412.0,22416.0
2010-05-21,2010.05.21.pdf,17425.0,22511.0
2010-05-28,2010.05.28.pdf,17447.0,22480.0
2010-06-04,2010.06.04.pdf,17451.0,22425.0
2010-06-11,2010.06.11.pdf,17459.0,22389.0
2010-06-18,2010.06.18.pdf,17452.0,22398.0
2010-06-25,2010.06.25.pdf,17453.0,22417.0
2010-07-02,2010.07.02.pdf,17613.0,22393.0
2010-07-09,2010.07.09.pdf,17611.0,22357.0
2010-07-16,2010.07.16.pdf,17612.0,22322.0
2010-07-23,2010.07.23.pdf,17617.0,22340.0
2010-07-30,2010.07.30.pdf,17639.0,22322.0
2010-08-06,2010.08.06.pdf,17645.0,22271.0
2010-08-13,2010.08.13.pdf,17650.0,22287.0
2010-08-20,2010.08.20.pdf,17640.0,22320.0
2010-08-27,2010.08.27.pdf,17636.0,22306.0
2010-09-03,2010.09.03.pdf,17633.0,22252.0
2010-09-10,2010.09.10.pdf,17637.0,22169.0
2010-09-12,2010.09.12.pdf,17644.0,22133.0
2010-09-24,2010.09.24.pdf,17639.0,22152.0
2010-10-01,2010.10.01.pdf,17642.0,22166.0
2010-10-08,2010.10.08.pdf,17641.0,22160.0
2010-10-15,2010.10.15.pdf,17638.0,22154.0
2010-10-22,2010.10.22.pdf,17635.0,22091.0
2010-10-29,2010.10.29.pdf,17630.0,22143.0
2010-11-05,2010.11.05.pdf,17630.0,22144.0
2010-11-12,2010.11.12.pdf,17629.0,22104.0
2010-11-19,2010.11.19.pdf,17619.0,22128.0
2010-11-26,2010.11.26.pdf,17610.0,22136.0
2010-12-03,2010.12.03.pdf,17602.0,22130.0
2010-12-10,2010.12.10.pdf,17597.0,22098.0
2010-12-17,2010.12.17.pdf,17590.0,22027.0
2010-12-24,2010.12.24.pdf,17595.0,22019.0
2010-12-31,2010.12.31.pdf,17596.0,22027.0
2011-01-07,2011.01.07.pdf,17591.0,22003.0
2011-01-14,2011.01.14.pdf,17585.0,21914.0
2011-01-21,2011.01.21.pdf,17577.0,21949.0
2011-01-28,2011.01.28.pdf,17575.0,21923.0
2011-02-04,2011.02.04.pdf,17571.0,21878.0
2011-02-11,2011.02.11.pdf,17567.0,21879.0
2011-02-18,2011.02.18.pdf,17567.0,21890.0
2011-02-25,2011.02.25.pdf,17559.0,21839.0
2011-03-04,2011.03.04.pdf,17503.0,21819.0
2011-03-11,2011.03.11.pdf,17486.0,21874.0
2011-03-18,2011.03.18.pdf,17465.0,21878.0
2011-03-25,2011.03.25.pdf,17429.0,21845.0
2011-04-01,2011.04.01.pdf,17379.0,21865.0
2011-04-08,2011.04.08.pdf,17377.0,21790.0
2011-04-15,2011.04.15.pdf,17368.0,21803.0
2011-04-22,2011.04.22.pdf,17360.0,21800.0
2011-04-29,2011.04.29.pdf,17351.0,21805.0
2011-05-06,2011.05.06.pdf,17352.0,21807.0
2011-05-13,2011.05.13.pdf,17351.0,21812.0
2011-05-20,2011.05.20.pdf,17345.0,21864.0
2011-05-27,2011.05.27.pdf,17340.0,21880.0
2011-06-03,2011.06.03.pdf,17339.0,21787.0
2011-06-10,2011.06.10.pdf,17337.0,21779.0
2011-06-17,2011.06.17.pdf,17336.0,21788.0
2011-06-24,2011.06.24.pdf,17343.0,21792.0
2011-07-01,2011.07.01.pdf,17344.0,21812.0
2011-07-08,2011.07.08.pdf,17348.0,21779.0
2011-07-15,2011.07.15.pdf,17356.0,21790.0
2011-07-22,2011.07.22.pdf,17350.0,21791.0
2011-07-29,2011.07.29.pdf,17348.0,21810.0
2011-08-05,2011.08.05.pdf,17350.0,21817.0
2011-08-12,2011.08.12.pdf,17356.0,21770.0
2011-08-19,2011.08.19.pdf,17355.0,21800.0
2011-08-26,2011.08.26.pdf,17357.0,21816.0
2011-09-02,2011.09.02.pdf,17348.0,21811.0
2011-09-09,2011.09.09.pdf,17345.0,21758.0
2011-09-16,2011.09.16.pdf,17354.0,21719.0
2011-09-23,2011.09.23.pdf,17353.0,21748.0
2011-09-30,2011.09.30.pdf,17348.0,21794.0
2011-10-07,2011.10.07.pdf,17342.0,21822.0
2011-10-14,2011.10.14.pdf,17313.0,21797.0
2011-10-21,2011.10.21.pdf,17277.0,21776.0
2011-10-28,2011.10.28.pdf,17265.0,21807.0
2011-11-04,2011.11.04.pdf,17257.0,21833.0
2011-11-11,2011.11.11.pdf,17246.0,21797.0
2011-11-18,2011.11.18.pdf,17242.0,21809.0
2011-11-25,2011.11.25.pdf,17241.0,21787.0
2011-12-02,2011.12.02.pdf,17243.0,21816.0
2011-12-09,2011.12.09.pdf,17243.0,21815.0
2011-12-16,2011.12.16.pdf,17241.0,21847.0
2011-12-23,2011.12.23.pdf,16936.0,21882.0
2011-12-30,2011.12.30.pdf,17210.0,21884.0
2012-01-06,2012.01.06.pdf,17212.0,21812.0
2012-01-13,2012.01.13.pdf,17172.0,21808.0
2012-01-20,2012.01.20.pdf,17164.0,21775.0
2012-01-27,2012.01.27.pdf,17148.0,21823.0
2012-02-03,2012.02.03.pdf,17152.0,21913.0
2012-02-10,2012.02.10.pdf,17155.0,21907.0
2012-02-17,2012.02.17.pdf,17157.0,21881.0
2012-02-24,2012.02.24.pdf,17156.0,21884.0
2012-03-02,2012.03.02.pdf,17151.0,21899.0
2012-03-09,2012.03.09.pdf,17137.0,21929.0
2012-03-16,2012.03.16.pdf,17141.0,21920.0
2012-03-23,2012.03.23.pdf,17140.0,21963.0
2012-04-06,2012.04.06.pdf,17142.0,21981.0
2012-04-13,2012.04.13.pdf,17145.0,21972.0
2012-04-20,2012.04.20.pdf,17144.0,22014.0
2012-04-27,2012.04.27.pdf,17146.0,21995.0
2012-05-04,2012.05.04.pdf,17152.0,21984.0
2012-05-11,2012.05.11.pdf,17147.0,21997.0
2012-05-18,2012.05.18.pdf,17145.0,22003.0
2012-05-25,2012.05.25.pdf,17139.0,22011.0
2012-06-01,2012.06.01.pdf,17135.0,21973.0
2012-06-08,2012.06.08.pdf,17126.0,22014.0
2012-06-15,2012.06.15.pdf,17131.0,22016.0
2012-06-22,2012.06.22.pdf,17140.0,22034.0
2012-06-29,2012.06.29.pdf,17136.0,22045.0
2012-07-06,2012.07.06.pdf,17135.0,21999.0
2012-07-13,2012.07.13.pdf,17136.0,22026.0
2012-07-20,2012.07.20.pdf,17135.0,22007.0
2012-07-27,2012.07.27.pdf,17133.0,22077.0
2012-08-03,2012.08.03.pdf,17137.0,22081.0
2012-08-10,2012.08.10.pdf,17142.0,22052.0
2012-08-17,2012.08.17.pdf,17139.0,22039.0
2012-08-24,2012.08.24.pdf,17137.0,22023.0
2012-08-31,2012.08.31.pdf,17139.0,22039.0
2012-09-07,2012.09.07.pdf,17138.0,22025.0
2012-09-14,2012.09.14.pdf,17134.0,21991.0
2012-09-21,2012.09.21.pdf,17137.0,21968.0
2012-09-28,2012.09.28.pdf,17138.0,21970.0
2012-10-05,2012.10.05.pdf,17137.0,21967.0
2012-10-12,2012.10.12.pdf,17166.0,22017.0
2012-10-19,2012.10.19.pdf,17133.0,22041.0
2012-10-26,2012.10.26.pdf,17130.0,22045.0
2012-11-02,2012.11.02.pdf,17130.0,22065.0
2012-11-09,2012.11.09.pdf,17131.0,22061.0
2012-11-16,2012.11.16.pdf,17134.0,22064.0
2012-11-23,2012.11.23.pdf,17132.0,22039.0
2012-11-30,2012.11.30.pdf,17133.0,22060.0
2012-12-07,2012.12.07.pdf,17136.0,22041.0
2012-12-14,2012.12.14.pdf,17133.0,21985.0
2012-12-21,2012.12.21.pdf,17136.0,21995.0
2012-12-28,2012.12.28.pdf,17136.0,21963.0
2013-01-04,2013.01.04.pdf,17132.0,21915.0
2013-01-11,2013.01.11.pdf,17131.0,22034.0
2013-01-18,2013.01.18.pdf,17141.0,21927.0
2013-01-25,2013.01.25.pdf,17136.0,21896.0
2013-02-01,2013.02.01.pdf,17143.0,21905.0
2013-02-08,2013.02.08.pdf,17142.0,21941.0
2013-02-15,2013.02.15.pdf,17143.0,21917.0
2013-02-22,2013.02.22.pdf,17143.0,21925.0
2013-03-01,2013.03.01.pdf,17143.0,21931.0
2013-03-08,2013.03.08.pdf,17142.0,21949.0
2013-03-15,2013.03.15.pdf,17146.0,21944.0
2013-03-22,2013.03.22.pdf,17145.0,21942.0
2013-03-29,2013.03.29.pdf,17144.0,21940.0
2013-04-05,2013.04.05.pdf,17139.0,21984.0
2013-04-12,2013.04.12.pdf,17138.0,21948.0
2013-04-19,2013.04.19.pdf,17136.0,21994.0
2013-04-26,2013.04.26.pdf,17137.0,22003.0
2013-05-03,2013.05.03.pdf,17141.0,21991.0
2013-05-10,2013.05.10.pdf,17144.0,22032.0
2013-05-17,2013.05.17.pdf,17145.0,22106.0
2013-05-24,2013.05.24.pdf,17140.0,22093.0
2013-05-31,2013.05.31.pdf,17138.0,22060.0
2013-06-07,2013.06.07.pdf,17140.0,22104.0
2013-06-14,2013.06.14.pdf,17141.0,22094.0
2013-06-21,2013.06.21.pdf,17135.0,22109.0
2013-06-28,2013.06.28.pdf,17135.0,22083.0
2013-07-05,2013.07.05.pdf,17133.0,22091.0
2013-07-12,2013.07.12.pdf,17129.0,22071.0
2013-07-19,2013.07.19.pdf,17116.0,22016.0
2013-07-26,2013.07.26.pdf,17116.0,22023.0
2013-08-02,2013.08.02.pdf,17123.0,22054.0
2013-08-09,2013.08.09.pdf,17124.0,22041.0
2013-08-16,2013.08.16.pdf,17124.0,22015.0
2013-08-23,2013.08.23.pdf,17125.0,22040.0
2013-08-30,2013.08.30.pdf,17129.0,22143.0
2013-09-06,2013.09.06.pdf,17127.0,22039.0
2013-09-13,2013.09.13.pdf,17126.0,22017.0
2013-09-20,2013.09.20.pdf,17127.0,22030.0
2013-09-27,2013.09.27.pdf,17122.0,22034.0
2013-10-04,2013.10.04.pdf,17122.0,22021.0
2013-10-11,2013.10.11.pdf,17118.0,22000.0
2013-10-18,2013.10.18.pdf,17116.0,22055.0
2013-10-25,2013.10.25.pdf,17119.0,22059.0
2013-11-01,2013.11.01.pdf,17129.0,22081.0
2013-11-08,2013.11.08.pdf,17135.0,22078.0
2013-11-15,2013.11.15.pdf,17134.0,22078.0
2013-11-22,2013.11.22.pdf,17131.0,22074.0
2013-11-29,2013.11.29.pdf,17131.0,22074.0
2013-12-06,2013.12.06.pdf,17130.0,22065.0
2013-12-13,2013.12.13.pdf,17132.0,22038.0
2013-12-20,2013.12.20.pdf,17133.0,22068.0
2013-12-27,2013.12.27.pdf,17133.0,22031.0
2014-01-03,2014.01.03.pdf,17132.0,21987.0
2014-01-10,2014.01.10.pdf,17135.0,21981.0
2014-01-17,2014.01.17.pdf,17131.0,21918.0
2014-01-24,2014.01.24.pdf,17130.0,21913.0
2014-01-31,2014.01.31.pdf,17127.0,21940.0
2014-02-07,2014.02.07.pdf,17123.0,21916.0
2014-02-14,2014.02.14.pdf,17120.0,21914.0
2014-02-21,2014.02.21.pdf,17127.0,21937.0
2014-02-28,2014.02.28.pdf,17137.0,21937.0
2014-03-07,2014.03.07.pdf,17129.0,21994.0
2014-03-14,2014.03.14.pdf,17128.0,22016.0
2014-03-21,2014.03.21.pdf,17129.0,22076.0
2014-03-28,2014.03.28.pdf,17126.0,22112.0
2014-04-04,2014.04.04.pdf,17131.0,22109.0
2014-04-11,2014.04.11.pdf,17131.0,22100.0
2014-04-18,2014.04.18.pdf,17127.0,22052.0
2014-04-25,2014.04.25.pdf,17129.0,22068.0
2014-05-02,2014.05.02.pdf,17127.0,22080.0
2014-05-09,2014.05.09.pdf,17125.0,22068.0
2014-05-16,2014.05.16.pdf,17123.0,22091.0
2014-05-23,2014.05.23.pdf,17123.0,22090.0
2014-05-30,2014.05.30.pdf,17133.0,22118.0
2014-06-06,2014.06.06.pdf,17142.0,22158.0
2014-06-13,2014.06.13.pdf,17144.0,22106.0
2014-06-20,2014.06.20.pdf,17146.0,22150.0
2014-06-27,2014.06.27.pdf,17144.0,22129.0
2014-07-04,2014.07.04.pdf,17143.0,22167.0
2014-07-11,2014.07.11.pdf,17140.0,22135.0
2014-07-18,2014.07.18.pdf,17133.0,22125.0
2014-07-25,2014.07.25.pdf,17141.0,22108.0
2014-08-01,2014.08.01.pdf,17138.0,22123.0
2014-08-08,2014.08.08.pdf,17133.0,22162.0
2014-08-15,2014.08.15.pdf,17142.0,22152.0
2014-08-22,2014.08.22.pdf,17141.0,22178.0
2014-08-29,2014.08.29.pdf,17145.0,22143.0
2014-09-05,2014.09.05.pdf,17143.0,22088.0
2014-09-12,2014.09.12.pdf,17141.0,22122.0
2014-09-19,2014.09.19.pdf,17140.0,22143.0
2014-09-26,2014.09.26.pdf,17145.0,22185.0
2014-10-03,2014.10.03.pdf,17147.0,22198.0
2014-10-10,2014.10.10.pdf,17144.0,22181.0
2014-10-17,2014.10.17.pdf,17148.0,22159.0
2014-10-24,2014.10.24.pdf,17151.0,22153.0
2014-10-30,2014.10.30.pdf,17151.0,22177.0
2014-11-07,2014.11.07.pdf,17153.0,22224.0
2014-11-14,2014.11.14.pdf,17154.0,22200.0
2014-11-21,2014.11.21.pdf,17151.0,22229.0
2014-11-28,2014.11.28.pdf,17145.0,22249.0
2014-12-05,2014.12.05.pdf,17148.0,22234.0
2014-12-12,2014.12.12.pdf,17154.0,22253.0
2014-12-19,2014.12.19.pdf,17153.0,22299.0
2014-12-26,2014.12.26.pdf,17149.0,22243.0
2015-01-02,2015.01.02.pdf,17148.0,22220.0
2015-01-09,2015.01.09.pdf,17152.0,22232.0
2015-01-16,2015.01.16.pdf,17145.0,22239.0
2015-01-23,2015.01.23.pdf,17145.0,22227.0
2015-01-30,2015.01.30.pdf,17147.0,22269.0
2015-02-06,2015.02.06.pdf,17148.0,22263.0
2015-02-13,2015.02.13.pdf,17149.0,22279.0
2015-02-20,2015.02.20.pdf,17151.0,22328.0
2015-02-27,2015.02.27.pdf,17153.0,22304.0
2015-03-06,2015.03.06.pdf,17155.0,22355.0
2015-03-13,2015.03.13.pdf,17156.0,22324.0
2015-03-20,2015.03.20.pdf,17154.0,22355.0
2015-03-27,2015.03.27.pdf,17158.0,22399.0
2015-04-03,2015.04.03.pdf,17159.0,22402.0
2015-04-04,2015.04.04.pdf,15996.0,22406.0
2015-04-10,2015.04.10.pdf,17157.0,22395.0
2015-04-17,2015.04.17.pdf,17157.0,22369.0
2015-04-24,2015.04.24.pdf,17161.0,22406.0
2015-05-01,2015.05.01.pdf,17149.0,22396.0
2015-05-08,2015.05.08.pdf,17160.0,22383.0
2015-05-15,2015.05.15.pdf,17160.0,22418.0
2015-05-22,2015.05.22.pdf,17159.0,22433.0
2015-05-29,2015.05.29.pdf,17151.0,22443.0
2015-06-05,2015.06.05.pdf,17155.0,22444.0
2015-06-12,2015.06.12.pdf,17147.0,22409.0
2015-06-19,2015.06.19.pdf,17152.0,22452.0
2015-06-26,2015.06.26.pdf,17157.0,22468.0
2015-07-03,2015.07.03.pdf,17155.0,22489.0
2015-07-10,2015.07.10.pdf,17151.0,22466.0
2015-07-17,2015.07.17.pdf,17154.0,22453.0
2015-07-24,2015.07.24.pdf,17155.0,22457.0
2015-07-31,2015.07.31.pdf,17156.0,22487.0
2015-08-07,2015.08.07.pdf,17158.0,22497.0
2015-08-14,2015.08.14.pdf,17160.0,22488.0
2015-08-21,2015.08.21.pdf,17158.0,22454.0
2015-08-28,2015.08.28.pdf,17159.0,22498.0
2015-09-04,2015.09.04.pdf,17158.0,22497.0
2015-09-11,2015.09.11.pdf,17155.0,22445.0
2015-09-18,2015.09.18.pdf,17157.0,22506.0
2015-09-25,2015.09.25.pdf,17161.0,22508.0
2015-10-02,2015.10.02.pdf,17158.0,22556.0
2015-10-09,2015.10.09.pdf,17155.0,22609.0
2015-10-16,2015.10.16.pdf,17158.0,22589.0
2015-10-23,2015.10.23.pdf,17158.0,22559.0
2015-10-30,2015.10.30.pdf,17158.0,22594.0
2015-11-06,2015.11.06.pdf,17161.0,22650.0
2015-11-13,2015.11.13.pdf,17151.0,22613.0
2015-11-20,2015.11.20.pdf,17154.0,22566.0
2015-11-27,2015.11.27.pdf,17155.0,22487.0
2015-12-04,2015.12.04.pdf,17148.0,22522.0
2015-12-11,2015.12.11.pdf,17157.0,22520.0
2015-12-18,2015.12.18.pdf,17168.0,22556.0
2015-12-25,2015.12.25.pdf,17172.0,22583.0
2016-01-01,01012016.pdf,17176.0,22557.0
2016-01-08,01082016.pdf,17176.0,22541.0
2016-01-15,01152016.pdf,17185.0,22567.0
2016-01-22,01222016.pdf,17191.0,22591.0
2016-01-29,01292016.pdf,17194.0,22596.0
2016-02-05,02052016.pdf,17344.0,22607.0
2016-02-12,02122016.pdf,17346.0,22607.0
2016-02-19,02192016.pdf,17196.0,22632.0
2016-02-26,02262016.pdf,17345.0,22608.0
2016-03-04,03042016.pdf,17343.0,22542.0
2016-03-11,03112016.pdf,17338.0,22566.0
2016-03-18,03182016.pdf,17339.0,22599.0
2016-03-25,03252016.pdf,17200.0,22604.0
2016-04-01,04012016.pdf,17351.0,22637.0
2016-04-08,04082016.pdf,17352.0,22584.0
2016-04-15,04152016.pdf,17357.0,22553.0
2016-04-22,04222016.pdf,17356.0,22639.0
2016-04-29,04292016.pdf,17351.0,22646.0
2016-05-06,05062016.pdf,17348.0,22604.0
2016-05-13,05132016.pdf,17347.0,22603.0
2016-05-20,05202016.pdf,17341.0,22644.0
2016-05-27,05272016.pdf,17344.0,22687.0
2016-06-03,06032016.pdf,17345.0,22678.0
2016-06-10,06102016.pdf,17356.0,22650.0
2016-06-17,06172016.pdf,17359.0,22674.0
2016-06-24,06242016.pdf,17215.0,22700.0
2016-07-01,07012016.pdf,17385.0,22736.0
2016-07-08,07082016.pdf,17242.0,22733.0
2016-07-15,07152016.pdf,17401.0,22710.0
2016-07-22,07222016.pdf,17413.0,22695.0
2016-07-29,07292016.pdf,17421.0,22732.0
2016-08-05,08052016.pdf,17419.0,22773.0
2016-08-12,08122016.pdf,17417.0,22716.0
2016-08-19,08192016.pdf,17419.0,22768.0
2016-08-26,08262016.pdf,17415.0,22787.0
2016-09-02,09022016.pdf,17431.0,22819.0
2016-09-09,09092016.pdf,17436.0,22789.0
2016-09-16,09162016.pdf,17433.0,22741.0
2016-09-23,09232016.pdf,17437.0,22796.0
2016-09-30,09302016.pdf,17429.0,22775.0
2016-10-07,10072016.pdf,17427.0,22783.0
2016-10-14,10142016.pdf,17432.0,22752.0
2016-10-21,10212016.pdf,17428.0,22718.0
2016-10-28,10282016.pdf,17428.0,22748.0
2016-11-04,11042016.pdf,17427.0,22823.0
2016-11-11,11112016.pdf,17436.0,22853.0
2016-11-18,11182016.pdf,17450.0,22901.0
2016-11-25,11252016.pdf,17473.0,22863.0
2016-12-02,12022016.pdf,17479.0,22849.0
2016-12-09,12092016.pdf,17478.0,22880.0
2016-12-16,12162016.pdf,17339.0,22886.0
2016-12-23,12232016.pdf,17338.0,22863.0
2016-12-30,12302016.pdf,17339.0,22878.0
2017-01-06,01062017.pdf,17487.0,22870.0
2017-01-13,01132017.pdf,17489.0,22881.0
2017-01-20,01202017.pdf,17487.0,22856.0
2017-01-27,01272017.pdf,17485.0,22864.0
2017-02-03,02032017.pdf,17337.0,22929.0
2017-02-10,02102017.pdf,17332.0,22956.0
2017-02-17,02172017.pdf,17480.0,22943.0
2017-02-24,02242017.pdf,17472.0,22903.0
2017-03-03,03032017.pdf,17476.0,22952.0
2017-03-10,03102017.pdf,17495.0,22978.0
2017-03-17,03172017.pdf,17508.0,22942.0
2017-03-24,03242017.pdf,17507.0,22994.0
2017-03-31,03312017.pdf,17500.0,23027.0
2017-04-07,04072017.pdf,17499.0,23071.0
2017-04-14,04142017.pdf,17505.0,23089.0
2017-04-21,04212017.pdf,17505.0,23085.0
2017-04-28,04282017.pdf,17507.0,23088.0
2017-05-05,05052017.pdf,17512.0,23079.0
2017-05-12,05122017.pdf,17505.0,23021.0
2017-05-19,05192017.pdf,17500.0,23107.0
2017-05-26,05262017.pdf,17520.0,23131.0
2017-06-02,06022017.pdf,17542.0,23102.0
2017-06-09,06092017.pdf,17556.0,23137.0
2017-06-16,06162017.pdf,17573.0,23133.0
2017-06-23,06232017.pdf,17580.0,23121.0
2017-06-30,06302017.pdf,17580.0,23140.0
2017-07-07,07072017.pdf,17584.0,23113.0
2017-07-14,07142017.pdf,17587.0,23094.0
2017-07-21,07212017.pdf,17599.0,23131.0
2017-07-28,07282017.pdf,17610.0,23164.0
2017-08-04,08042017.pdf,17611.0,23164.0
2017-08-11,08112017.pdf,17618.0,23180.0
2017-08-18,08182017.pdf,17629.0,23228.0
2017-08-25,08252017.pdf,17639.0,23232.0
2017-09-01,09012017.pdf,17650.0,23052.0
2017-09-08,09082017.pdf,17659.0,23277.0
2017-09-15,09152017.pdf,17669.0,23281.0
2017-09-22,09222017.pdf,17678.0,23275.0
2017-09-29,09292017.pdf,17683.0,23253.0
2017-10-06,10062017.pdf,17688.0,23290.0
2017-10-13,10132017.pdf,17699.0,23251.0
2017-10-20,10202017.pdf,17699.0,23075.0
2017-10-27,10272017.pdf,17702.0,23361.0
2017-11-03,11032017.pdf,17710.0,23378.0
2017-11-10,11102017.pdf,17725.0,23397.0
2017-11-17,11172017.pdf,17723.0,23377.0
2017-11-24,11242017.pdf,17720.0,23457.0
2017-12-01,12012017.pdf,17720.0,23413.0
2017-12-08,12082017.pdf,17725.0,23453.0
2017-12-15,12152017.pdf,17741.0,23453.0
2017-12-22,12222017.pdf,17733.0,23476.0
2017-12-29,12292017.pdf,17732.0,23498.0
2018-01-05,01052018.pdf,17720.0,23493.0
2018-01-12,01122018.pdf,17730.0,23444.0
2018-01-19,01192018.pdf,17729.0,23399.0
2018-01-26,01262018.pdf,17734.0,23418.0
2018-02-02,02022018.pdf,17747.0,23452.0
2018-02-09,02092018.pdf,17748.0,23484.0
2018-02-16,02162018.pdf,17745.0,23439.0
2018-02-23,02232018.pdf,17740.0,23428.0
2018-03-02,03022018.pdf,17746.0,23440.0
2018-03-09,03092018.pdf,17746.0,23510.0
2018-03-16,03162018.pdf,17742.0,23506.0
2018-03-23,03232018.pdf,17741.0,23542.0
2018-03-30,03302018.pdf,17745.0,23637.0
2018-04-06,04062018.pdf,17743.0,23634.0
2018-04-13,04132018.pdf,17742.0,23568.0
2018-04-20,04202018.pdf,17756.0,23588.0
2018-04-27,04272018.pdf,17748.0,23596.0
2018-05-04,05042018.pdf,17734.0,23568.0
2018-05-11,05112018.pdf,17742.0,23563.0
2018-05-18,05182018.pdf,17740.0,23627.0
2018-05-25,05252018.pdf,17743.0,23644.0
2018-06-01,06012018.pdf,17737.0,23621.0
2018-06-08,06082018.pdf,17746.0,23647.0
2018-06-15,06152018.pdf,17736.0,23594.0
2018-06-22,06222018.pdf,17740.0,23585.0
2018-06-29,06292018.pdf,17749.0,23621.0
2018-07-06,07062018.pdf,17747.0,23661.0
2018-07-13,07132018.pdf,17748.0,23669.0
2018-07-20,07202018.pdf,17742.0,23655.0
2018-07-27,07272018.pdf,17744.0,23691.0
2018-08-03,08032018.pdf,17745.0,23724.0
2018-08-10,08102018.pdf,17739.0,23782.0
2018-08-17,08172018.pdf,17742.0,23784.0
2018-08-24,08242018.pdf,17787.0,23791.0
2018-08-31,08312018.pdf,17789.0,23791.0
2018-09-07,09072018.pdf,17797.0,23732.0
2018-09-14,09142018.pdf,17812.0,23709.0
2018-09-21,09212018.pdf,17834.0,23699.0
2018-09-28,09282018.pdf,17835.0,23704.0
2018-10-05,10052018.pdf,17841.0,23676.0
2018-10-12,10122018.pdf,17845.0,23646.0
2018-10-19,10192018.pdf,17835.0,23658.0
2018-10-26,10262018.pdf,17836.0,23670.0
2018-11-02,11022018.pdf,17830.0,23720.0
2018-11-09,11092018.pdf,17834.0,23725.0
2018-11-16,11162018.pdf,17826.0,23692.0
2018-11-23,11232018.pdf,17821.0,23626.0
2018-11-30,11302018.pdf,17829.0,23637.0
2018-12-07,12072018.pdf,17844.0,23647.0
2018-12-14,12142018.pdf,17844.0,23636.0
2018-12-21,12212018.pdf,17861.0,23675.0
2018-12-28,12282018.pdf,17866.0,23641.0
2019-01-04,01042019.pdf,17871.0,23566.0
2019-01-11,01112019.pdf,17885.0,23562.0
2019-01-18,01182019.pdf,17887.0,23561.0
2019-01-25,01252019.pdf,17886.0,23589.0
2019-02-01,02012019.pdf,17874.0,23641.0
2019-02-08,02082019.pdf,17876.0,23642.0
2019-02-15,02152019.pdf,17867.0,23636.0
2019-02-22,02222019.pdf,17869.0,23715.0
2019-03-01,03012019.pdf,17859.0,23746.0
2019-03-08,03082019.pdf,17856.0,23721.0
2019-03-15,03152019.pdf,17860.0,23680.0
2019-03-22,03222019.pdf,17856.0,23654.0
2019-03-29,03292019.pdf,17843.0,23725.0
2019-04-05,04052019.pdf,17845.0,23722.0
2019-04-12,04122019.pdf,17833.0,23685.0
2019-04-19,04192019.pdf,17841.0,23700.0
2019-04-26,04262019.pdf,17839.0,23725.0
2019-05-03,05032019.pdf,17844.0,23752.0
2019-05-10,05102019.pdf,17842.0,23719.0
2019-05-17,05172019.pdf,17845.0,23734.0
2019-05-24,05242019.pdf,17847.0,23741.0
2019-05-31,05312019.pdf,17838.0,23707.0
2019-06-07,06072019.pdf,17826.0,23757.0
2019-06-14,06142019.pdf,17821.0,23722.0
2019-06-21,06212019.pdf,17830.0,23755.0
2019-06-28,06282019.pdf,17826.0,23784.0
2019-07-05,07052019.pdf,17825.0,23771.0
2019-07-05,07052019Corrected.pdf,17825.0,23771.0
2019-07-12,07122019.pdf,17825.0,23741.0
2019-07-19,07192019.pdf,17824.0,23721.0
2019-07-26,07262019.pdf,17829.0,23741.0
2019-08-02,08022019.pdf,17835.0,23786.0
2019-08-09,08092019.pdf,17830.0,23826.0
2019-08-16,08162019.pdf,17812.0,23781.0
2019-08-23,08232019.pdf,17831.0,23756.0
2019-08-30,08302019.pdf,17818.0,23761.0
2019-09-06,09062019.pdf,17824.0,23733.0
2019-09-13,09132019.pdf,17854.0,23707.0
2019-09-20,09202019.pdf,17836.0,23721.0
2019-09-27,09272019.pdf,17830.0,23708.0
2019-10-04,10042019.pdf,17823.0,23719.0
2019-10-11,10112019.pdf,17833.0,23692.0
2019-10-18,10182019.pdf,17838.0,23701.0
2019-10-25,10252019.pdf,17825.0,23722.0
2019-11-01,11012019.pdf,17819.0,23671.0
2019-11-08,11082019.pdf,17819.0,23721.0
2019-11-15,11152019.pdf,17840.0,23731.0
2019-11-22,11222019.pdf,17842.0,23782.0
2019-11-29,11292019.pdf,17838.0,23752.0
2019-12-06,12062019.pdf,17839.0,23752.0
2019-12-13,12132019.pdf,17849.0,23751.0
2019-12-20,12202019.pdf,17849.0,23786.0
2019-12-27,12272019.pdf,17848.0,23723.0
2020-01-03,01032020.pdf,17835.0,23672.0
2020-01-10,01102020.pdf,17831.0,23616.0
2020-01-17,01172020.pdf,17823.0,23605.0
2020-01-24,01242020.pdf,17828.0,23555.0
2020-01-24,01242020Corrected.pdf,17828.0,23555.0
2020-01-31,01312020.pdf,17834.0,23629.0
2020-02-07,02072020.pdf,17837.0,23609.0
2020-02-14,02142020.pdf,17836.0,23608.0
2020-02-21,02212020.pdf,17840.0,23590.0
2020-02-28,02282020.pdf,17843.0,23471.0
2020-03-06,03062020.pdf,17835.0,23485.0
2020-03-13,03132020.pdf,17828.0,23436.0
2020-03-20,03202020Corrected.pdf,17824.0,23416.0
2020-03-20,03202020.pdf,17824.0,23416.0
2020-03-27,03272020.pdf,17815.0,23288.0
2020-04-03,04032020.pdf,17804.0,23046.0
2020-04-10,04102020.pdf,17793.0,22805.0
2020-04-17,04172020.pdf,17779.0,22642.0
2020-04-24,04242020.pdf,17769.0,22506.0
2020-05-01,05012020.pdf,17758.0,22342.0
2020-05-08,05082020.pdf,17748.0,22231.0
2020-05-15,05152020.pdf,17739.0,22104.0
2020-05-22,05222020.pdf,17734.0,21947.0
2020-05-29,05292020.pdf,17727.0,21819.0
2020-06-05,06052020.pdf,17721.0,21742.0
2020-06-12,06122020.pdf,17714.0,21632.0
2020-06-19,06192020.pdf,17700.0,21552.0
2020-06-26,06262020.pdf,17703.0,21444.0
2020-07-03,07032020.pdf,17697.0,21388.0
2020-07-10,07102020.pdf,17730.0,21360.0
2020-07-17,07172020.pdf,17729.0,21368.0
2020-07-24,07242020.pdf,17718.0,21390.0
2020-07-31,07312020.pdf,17719.0,21402.0
2020-08-07,08072020.pdf,17703.0,21400.0
2020-08-14,08142020.pdf,17708.0,21395.0
2020-08-21,08212020.pdf,17706.0,21351.0
2020-08-28,08282020.pdf,17702.0,21337.0
2020-09-04,09042020.pdf,17702.0,21285.0
2020-09-11,09112020.pdf,17687.0,21245.0
2020-09-18,09182020.pdf,17684.0,21187.0
2020-09-25,09252020.pdf,17661.0,21098.0
2020-10-02,10022020.pdf,17650.0,21052.0
2020-10-09,10092020.pdf,17652.0,20983.0
2020-10-16,10162020.pdf,17654.0,20957.0
2020-10-23,10232020.pdf,17656.0,20897.0
2020-10-30,10302020.pdf,17644.0,20867.0
2020-11-06,11062020.pdf,17649.0,20798.0
2020-11-13,11132020.pdf,17645.0,20693.0
2020-11-20,11202020.pdf,17653.0,20631.0
2020-11-27,11272020.pdf,17643.0,20535.0
2020-12-04,12042020.pdf,17635.0,20423.0
2020-12-11,12112020.pdf,17630.0,20346.0
2020-12-18,12182020.pdf,17617.0,20265.0
2020-12-25,12252020.pdf,17611.0,20155.0
2021-01-01,01012021.pdf,17618.0,20093.0
2021-01-08,01082021.pdf,17621.0,20024.0
2021-01-15,01152021.pdf,17601.0,19976.0
2021-01-22,01222021.pdf,17596.0,19903.0
2021-01-29,01292021.pdf,17609.0,19858.0
2021-02-05,02052021.pdf,17603.0,19812.0
2021-02-12,02122021.pdf,17601.0,19759.0
2021-02-19,02192021.pdf,17584.0,19707.0
2021-02-26,02262021.pdf,17587.0,19607.0
2021-03-05,03052021.pdf,17579.0,19564.0
2021-03-12,03122021.pdf,17585.0,19523.0
2021-03-19,03192021.pdf,17585.0,19495.0
2021-03-26,03262021.pdf,17584.0,19480.0
2021-04-02,04022021.pdf,17582.0,19470.0
2021-04-09,04092021.pdf,17579.0,19470.0
2021-04-16,04162021.pdf,17582.0,19459.0
2021-04-23,04232021.pdf,17589.0,19462.0
2021-04-30,04302021.pdf,17592.0,19433.0
2021-05-07,05072021.pdf,17595.0,19404.0
2021-05-14,05142021.pdf,17590.0,19381.0
2021-05-21,05212021.pdf,17592.0,19384.0
2021-05-28,05282021.pdf,17597.0,19400.0
2021-06-04,06042021.pdf,17611.0,19416.0
2021-06-11,06112021.pdf,17619.0,19413.0
2021-06-18,06182021.pdf,17627.0,19428.0
2021-06-25,06252021.pdf,17638.0,19419.0
2021-07-02,07022021.pdf,17635.0,19445.0
2021-07-09,07092021.pdf,17629.0,19455.0
2021-07-16,07162021.pdf,17632.0,19462.0
2021-07-23,07232021.pdf,17627.0,19526.0
2021-07-30,07302021.pdf,17609.0,19592.0
2021-08-06,08062021.pdf,17585.0,19658.0
2021-08-20,08202021.pdf,17547.0,19784.0
2021-08-27,08272021.pdf,17518.0,19849.0
2021-09-03,09032021.pdf,17496.0,19931.0
2021-09-10,09102021.pdf,17472.0,20013.0
2021-09-17,09172021.pdf,17455.0,20061.0
2021-09-24,09242021.pdf,17441.0,20132.0
2021-10-01,10012021.pdf,17412.0,20177.0
2021-10-08,10082021.pdf,17397.0,20202.0
2021-10-15,10152021.pdf,17377.0,20228.0
2021-10-22,10222021.pdf,17369.0,20220.0
2021-10-29,10292021.pdf,17353.0,20236.0
2021-11-05,11052021.pdf,17350.0,20251.0
2021-11-12,11122021.pdf,17351.0,20242.0
2021-11-19,11192021.pdf,17344.0,20207.0
2021-11-26,11262021.pdf,17344.0,20196.0
2021-12-03,12032021.pdf,17341.0,20151.0
2021-12-10,12102021.pdf,17344.0,20113.0
2021-12-17,12172021.pdf,17343.0,20088.0
2021-12-24,12242021.pdf,17345.0,20051.0
2021-12-31,12312021.pdf,17344.0,20027.0
2022-01-07,01072022.pdf,17344.0,19997.0
2022-01-14,01142022.pdf,17339.0,19989.0
2022-01-21,01212022.pdf,17340.0,19921.0
2022-01-28,01282022.pdf,17338.0,19924.0
2022-02-04,02042022.pdf,17330.0,19888.0
2022-02-11,02112022.pdf,17335.0,19873.0
2022-02-18,02182022.pdf,17325.0,19898.0
2022-02-25,02252022.pdf,17322.0,19864.0
2022-03-04,03042022.pdf,17316.0,19849.0
2022-03-11,03112022.pdf,17312.0,19882.0
2022-03-18,03182022.pdf,17316.0,19949.0
2022-03-25,03252022.pdf,17311.0,19918.0
2022-04-01,04012022.pdf,17311.0,19939.0
2022-04-08,04082022.pdf,17305.0,19937.0
2022-04-15,04152022.pdf,17306.0,19951.0
2022-04-22,04222022.pdf,17310.0,19978.0
2022-04-29,04292022.pdf,17311.0,20003.0
2022-05-06,05062022.pdf,17306.0,19998.0
2022-05-13,05132022.pdf,17307.0,20025.0
2022-05-20,05202022.pdf,17304.0,20043.0
2022-05-27,05272022.pdf,17305.0,20085.0
2022-06-03,06032022.pdf,17305.0,20099.0
2022-06-10,06102022.pdf,17298.0,20114.0
2022-06-17,06172022.pdf,17287.0,20092.0
2022-06-24,06242022.pdf,17284.0,20128.0
2022-07-01,07012022.pdf,17287.0,20169.0
2022-07-08,07082022.pdf,17289.0,20155.0
2022-07-15,07152022.pdf,17296.0,20135.0
2022-07-22,07222022.pdf,17294.0,20154.0
2022-07-29,07292022.pdf,17287.0,20183.0
2022-08-05,08052022.pdf,17291.0,20183.0
2022-08-12,08122022.pdf,17296.0,20218.0
2022-08-19,08192022.pdf,17289.0,20243.0
2022-08-26,08262022.pdf,17291.0,20265.0
2022-09-02,09022022.pdf,17298.0,20281.0
2022-09-09,09092022.pdf,17298.0,20291.0
2022-09-16,09162022.pdf,17300.0,20299.0
2022-09-23,09232022.pdf,17298.0,20330.0
2022-09-30,09302022.pdf,17301.0,20339.0
2022-10-07,10072022.pdf,17308.0,20362.0
2022-10-14,10142022.pdf,17312.0,20358.0
2022-10-21,10212022.pdf,17311.0,20388.0
2022-10-28,10282022.pdf,17309.0,20441.0
2022-11-04,11042022.pdf,17318.0,20468.0
2022-11-11,11112022.pdf,17325.0,20475.0
2022-11-18,11182022.pdf,17320.0,20493.0
2022-11-25,11252022.pdf,17322.0,20515.0
2022-12-02,12022022.pdf,17320.0,20547.0
2022-12-09,12092022.pdf,17319.0,20558.0
2022-12-16,12162022.pdf,17310.0,20552.0
2022-12-23,12232022.pdf,17311.0,20590.0
2022-12-30,12302022.pdf,17310.0,20613.0
2023-01-06,01062023.pdf,17309.0,20594.0
2023-01-13,01132023.pdf,17309.0,20574.0
2023-01-20,01202023.pdf,17309.0,20585.0
2023-01-27,01272023.pdf,17319.0,20621.0
2023-02-03,02032023.pdf,17319.0,20663.0
2023-02-10,02102023.pdf,17317.0,20689.0
2023-02-17,02172023.pdf,17318.0,20725.0
2023-02-24,02242023.pdf,17317.0,20767.0
2023-03-03,03032023.pdf,17311.0,20809.0
2023-03-10,03102023.pdf,17311.0,20817.0
2023-03-17,03172023.pdf,17321.0,20846.0
2023-03-24,03242023.pdf,17323.0,20920.0
2023-03-31,03312023.pdf,17322.0,20977.0
2023-04-07,04072023.pdf,17318.0,21037.0
2023-04-14,04142023.pdf,17318.0,21069.0
2023-04-21,04212023.pdf,17312.0,21124.0
2023-04-28,04282023.pdf,17379.0,21169.0
2023-05-05,05052023.pdf,17375.0,21184.0
2023-05-12,05122023.pdf,17373.0,21200.0
2023-05-19,05192023.pdf,17376.0,21217.0
2023-05-26,05262023.pdf,17382.0,21240.0
2023-06-02,06022023.pdf,17383.0,21259.0
2023-06-09,06092023.pdf,17408.0,21263.0
2023-06-16,06162023.pdf,17424.0,21300.0
2023-06-23,06232023.pdf,17434.0,21337.0
2023-06-30,06302023.pdf,17449.0,21401.0
2023-07-07,07072023.pdf,17446.0,21417.0
2023-07-14,07142023.pdf,17447.0,21393.0
2023-07-21,07212023.pdf,17451.0,21430.0
2023-07-28,07282023.pdf,17448.0,21488.0
2023-08-04,08042023.pdf,17453.0,21524.0
2023-08-11,08112023.pdf,17450.0,21545.0
2023-08-18,08182023.pdf,17446.0,21566.0
2023-08-25,08252023.pdf,17450.0,21590.0
2023-09-01,09012023.pdf,17454.0,21660.0
2023-09-08,09082023.pdf,17464.0,21685.0
2023-09-15,09152023.pdf,17484.0,21689.0
2023-09-22,09222023.pdf,17507.0,21712.0
2023-09-29,09292023.pdf,17502.0,21737.0
2023-10-06,10062023.pdf,17502.0,21749.0
2023-10-13,10132023.pdf,17521.0,21746.0
2023-10-20,10202023.pdf,17534.0,21777.0
2023-10-27,10272023.pdf,17554.0,21850.0
2023-11-03,11032023.pdf,17570.0,21897.0
2023-11-10,11102023.pdf,17571.0,21904.0
2023-11-17,11172023.pdf,17574.0,21937.0
2023-11-24,11242023.pdf,17575.0,21946.0
2023-12-01,12012023.pdf,17572.0,21974.0
2023-12-08,12082023.pdf,17571.0,21990.0
2023-12-15,12152023.pdf,17577.0,22033.0
2023-12-22,12222023.pdf,17575.0,22099.0
2023-12-29,12292023.pdf,17565.0,22108.0
2024-01-05,01052024.pdf,17573.0,22119.0
2024-01-12,01122024.pdf,17577.0,22104.0
2024-01-19,01192024.pdf,17580.0,22105.0
2024-01-26,01262024.pdf,17579.0,22138.0
2024-02-02,02022024.pdf,17578.0,22217.0
2024-02-09,02092024.pdf,17574.0,22219.0
2024-02-16,02162024.pdf,17576.0,22222.0
2024-02-23,02232024.pdf,17572.0,22241.0
2024-03-01,03012024.pdf,17572.0,22275.0
2024-03-08,03082024.pdf,17569.0,22287.0
2024-03-15,03152024.pdf,17580.0,22277.0
2024-03-22,03222024.pdf,17575.0,22342.0
2024-03-29,03292024.pdf,17582.0,22404.0
2024-04-05,04052024.pdf,17583.0,22407.0
2024-04-12,04122024.pdf,17579.0,22362.0
2024-04-19,04192024.pdf,17580.0,22398.0
2024-04-26,04262024.pdf,17576.0,22431.0
2024-05-03,05032024.pdf,17580.0,22460.0
2024-05-10,05102024.pdf,17590.0,22482.0
2024-05-17,05172024.pdf,17603.0,22512.0
2024-05-24,05242024.pdf,17619.0,22544.0
2024-05-31,05312024.pdf,17622.0,22578.0
2024-06-07,06072024.pdf,17629.0,22619.0
2024-06-14,06142024.pdf,17639.0,22637.0
2024-06-21,06212024.pdf,17639.0,22672.0
2024-06-28,06282024.pdf,17644.0,22730.0
2024-07-05,07052024.pdf,17648.0,22719.0
2024-07-12,07122024.pdf,17649.0,22706.0
2024-07-19,07192024.pdf,17647.0,22700.0
2024-07-26,07262024.pdf,17643.0,22711.0
2024-08-02,08022024.pdf,17639.0,22766.0
2024-08-09,08092024.pdf,17640.0,22792.0
2024-08-16,08162024.pdf,17644.0,22830.0
2024-08-23,08232024.pdf,17642.0,22841.0
2024-08-30,08302024.pdf,17642.0,22851.0
2024-09-06,09062024.pdf,17638.0,22856.0
2024-09-13,09132024.pdf,17632.0,22832.0
2024-09-20,09202024.pdf,17641.0,22874.0
2024-09-27,09272024.pdf,17633.0,22896.0
2024-10-04,10042024.pdf,17645.0,22915.0
2024-10-11,10112024.pdf,17643.0,22909.0
2024-10-18,10182024.pdf,17645.0,22959.0
2024-10-25,10252024.pdf,17648.0,22988.0
2024-11-01,11012024.pdf,17652.0,23020.0
2024-11-08,11082024.pdf,17646.0,23015.0
2024-11-15,11152024.pdf,17656.0,23033.0
2024-11-22,11222024.pdf,17654.0,23054.0
2024-11-29,11292024.pdf,17653.0,23075.0
2024-12-06,12062024.pdf,17653.0,23093.0
2024-12-13,12132024.pdf,17653.0,23095.0
2024-12-20,12202024.pdf,17654.0,23114.0
2024-12-27,12272024.pdf,17653.0,23092.0
2025-01-03,01032025.pdf,17648.0,23036.0
2025-01-10,01102025.pdf,17645.0,23006.0
2025-01-17,01172025.pdf,17635.0,23034.0
2025-01-24,01242025.pdf,17638.0,23021.0
2025-01-31,01312025.pdf,17638.0,23044.0
2025-02-07,02072025.pdf,17638.0,23074.0
2025-02-14,02142025.pdf,17631.0,23062.0
2025-02-21,02212025.pdf,17629.0,23095.0
2025-02-27,02272025.pdf,17627.0,23065.0
2025-03-07,03072025.pdf,17638.0,23139.0
2025-03-14,03142025.pdf,17635.0,23152.0
2025-03-21,03212025.pdf,17640.0,23189.0
2025-03-28,03282025.pdf,17642.0,23224.0
2025-04-04,04042025.pdf,17645.0,23254.0
2025-04-11,04112025.pdf,17642.0,23232.0
2025-04-18,04182025.pdf,17638.0,23279.0
2025-04-25,04252025.pdf,17642.0,23317.0
2025-05-02,05022025.pdf,17642.0,23333.0
2025-05-09,05092025.pdf,17652.0,23317.0
2025-05-16,05162025.pdf,17654.0,23300.0
2025-05-23,05232025.pdf,17668.0,23339.0
2025-05-30,05302025.pdf,17673.0,23368.0
2025-06-06,06062025.pdf,17678.0,23395.0
2025-06-13,06132025.pdf,17683.0,23416.0
2025-06-20,06202025.pdf,17680.0,23423.0
2025-06-27,06272025.pdf,17681.0,23444.0
2025-07-04,07042025.pdf,17676.0,23398.0
2025-07-11,07112025.pdf,17673.0,23395.0
2025-07-18,07182025.pdf,17670.0,23376.0
2025-07-25,07252025.pdf,17668.0,23374.0
2025-08-01,08012025.pdf,17663.0,23400.0
2025-08-08,08082025.pdf,17658.0,23406.0
2025-08-15,08152025.pdf,17658.0,23400.0
2025-08-22,08222025.pdf,17658.0,23443.0
2025-08-29,08292025.pdf,17658.0,23491.0
2025-09-05,09052025.pdf,17657.0,23476.0
2025-09-12,09122025.pdf,17664.0,23466.0
2025-09-19,09192025.pdf,17671.0,23527.0
2025-09-26,09262025.pdf,17673.0,23550.0
2025-10-03,10032025.pdf,17677.0,23534.0
2025-10-10,10102025.pdf,17683.0,23555.0
2025-10-17,10172025.pdf,17696.0,23562.0
2025-10-24,10242025.pdf,17699.0,23534.0
2025-10-31,10312025.pdf,17706.0,23556.0
2025-11-07,11072025.pdf,17706.0,23553.0
2025-11-14,11142025.pdf,17714.0,23491.0
2025-11-21,11212025.pdf,17712.0,23465.0
2025-11-28,11282025.pdf,17719.0,23430.0
2025-12-05,12052025.pdf,17722.0,23390.0
2025-12-12,12122025.pdf,17721.0,23355.0
2025-12-19,12192025.pdf,17742.0,23341.0
2025-12-26,12262025.pdf,17739.0,23285.0
2026-01-02,fri_01_02_2026.pdf,17743.0,23282.0
2026-01-09,fri_01_09_2026.pdf,17751.0,23294.0
2026-01-16,fri_01_16_2026.pdf,17755.0,23319.0
2026-01-23,fri_01_23_2026.pdf,17765.0,23336.0
2026-01-30,fri_01_30_2026.pdf,17767.0,23357.0
2026-02-06,fri_02_06_2026.pdf,17803.0,23416.0
2026-02-13,fri_02_13_2026.pdf,17807.0,23420.0
2026-02-20,fri_02_20_2026.pdf,17822.0,23461.0
2026-02-27,fri_02_27_2026.pdf,17830.0,23471.0
2026-03-06,fri_03_06_2026.pdf,17835.0,23495.0
2026-03-13,fri_03_13_2026.pdf,17828.0,23493.0
2026-03-20,fri_03_20_2026.pdf,17829.0,23501.0
2026-03-27,fri_03_27_2026.pdf,17842.0,23524.0
2026-04-03,fri_04_03_2026.pdf,17839.0,23554.0
2026-04-10,fri_04_10_2026.pdf,17847.0,23569.0
2026-04-17,fri_04_17_2026.pdf,17854.0,23548.0
